curated_collection,document_id,path,repository_id,metadata_type,title,added,document_created,document_updated
bibliophilly,4221,0023/lewis_e_018,0023,TEI,Liber de vinis,2017-05-10T14:47:02+00:00,2017-05-10T14:27:01+00:00,2018-01-11T18:56:36+00:00
bibliophilly,4222,0023/lewis_e_057,0023,TEI,Carmen in honorem Beatae Mariae Virginis,2017-05-10T20:19:36+00:00,2017-05-10T18:22:19+00:00,2018-01-11T18:56:36+00:00
bibliophilly,4223,0023/lewis_e_083,0023,TEI,Historia belli civilis inter Caesarem et Pompeium,2017-05-10T20:19:42+00:00,2017-05-10T18:52:40+00:00,2018-01-11T18:56:36+00:00
bibliophilly,4225,0023/lewis_e_009,0023,TEI,Processional; Astronomical Text binding fragment,2017-05-10T20:19:47+00:00,2017-05-10T19:10:48+00:00,2018-01-11T18:56:36+00:00
bibliophilly,4226,0023/lewis_e_003,0023,TEI,Canon super almanach; De 12 signis et eorum naturis in generali,2017-05-10T20:19:52+00:00,2017-05-10T19:24:04+00:00,2018-01-11T18:56:36+00:00
bibliophilly,4229,0023/lewis_e_005,0023,TEI,De casu diaboli (On the Fall of the Devil),2017-05-11T20:23:33+00:00,2017-05-11T18:45:21+00:00,2018-01-11T18:56:36+00:00
bibliophilly,4235,0023/lewis_e_125,0023,TEI,"Book of Hours, Use of Rouen",2017-05-11T20:23:54+00:00,2017-05-11T18:59:42+00:00,2018-01-11T18:56:37+00:00
bibliophilly,4236,0023/lewis_e_049,0023,TEI,Breviary,2017-05-11T20:24:01+00:00,2017-05-11T19:07:28+00:00,2018-01-11T18:56:36+00:00
bibliophilly,4237,0023/lewis_e_126,0023,TEI,"Book of Hours, Use of Rouen",2017-05-11T20:24:09+00:00,2017-05-11T19:38:40+00:00,2018-01-11T18:56:37+00:00
bibliophilly,4238,0023/lewis_e_154,0023,TEI,Tobias (History of Tobias),2017-05-11T20:24:18+00:00,2017-05-11T20:10:41+00:00,2018-01-11T18:56:37+00:00
bibliophilly,4289,0023/lewis_e_184,0023,TEI,Psalter,2017-06-12T17:49:07+00:00,2017-06-08T18:30:17+00:00,2018-01-11T18:56:37+00:00
bibliophilly,4290,0023/lewis_e_195,0023,TEI,"Vitae XII caesarium (Lives of the twelve caesars), fragment and Book of Hours leaf",2017-06-12T17:49:07+00:00,2017-06-08T19:58:54+00:00,2018-01-11T18:56:37+00:00
bibliophilly,4291,0023/lewis_e_199,0023,TEI,Legenda aurea (Golden Legend),2017-06-12T17:49:07+00:00,2017-06-08T20:19:39+00:00,2018-01-11T18:56:37+00:00
bibliophilly,4311,0023/lewis_e_008,0023,TEI,Fragments from a Gradual,2017-07-05T19:38:39+00:00,2017-06-29T14:51:33+00:00,2018-01-11T18:56:36+00:00
bibliophilly,4312,0023/lewis_e_014,0023,TEI,De censuris ecclesiasticis; Three papal bulls,2017-07-05T19:38:39+00:00,2017-06-29T16:24:51+00:00,2018-01-11T18:56:36+00:00
bibliophilly,4317,0023/lewis_e_017,0023,TEI,Armorial,2017-07-05T19:38:39+00:00,2017-06-30T15:43:13+00:00,2018-01-11T18:56:36+00:00
bibliophilly,4318,0023/lewis_e_033,0023,TEI,Bible,2017-07-05T19:38:39+00:00,2017-06-30T15:45:26+00:00,2018-01-11T18:56:36+00:00
bibliophilly,4322,0023/lewis_e_039,0023,TEI,Bible,2017-07-10T14:52:50+00:00,2017-07-05T19:44:45+00:00,2018-01-11T18:56:36+00:00
bibliophilly,4321,0023/lewis_e_040,0023,TEI,Bible,2017-07-10T14:52:50+00:00,2017-07-05T19:24:02+00:00,2018-01-11T18:56:36+00:00
bibliophilly,4324,0023/lewis_e_030,0023,TEI,Bible,2017-07-10T14:52:50+00:00,2017-07-07T16:36:20+00:00,2018-01-11T18:56:36+00:00
bibliophilly,4323,0023/lewis_e_002,0023,TEI,De consolatione philosophiae; De mirabilis mundi; Grammatical treatise ?; Unidentified theological treatise; Miscellany,2017-07-10T14:52:50+00:00,2017-07-07T16:26:21+00:00,2018-01-11T18:56:36+00:00
bibliophilly,4288,0023/lewis_e_087,0023,TEI,"Book of Hours, Use of Bourges",2017-07-10T14:52:50+00:00,2017-06-08T16:21:59+00:00,2018-01-11T18:56:36+00:00
bibliophilly,4328,0023/lewis_e_047,0023,TEI,Bible Commentary,2017-07-17T15:47:27+00:00,2017-07-10T19:00:26+00:00,2018-01-11T18:56:36+00:00
bibliophilly,4329,0023/lewis_e_050,0023,TEI,"Breviary, Use of Ghent",2017-07-17T15:47:27+00:00,2017-07-10T20:18:36+00:00,2018-01-11T18:56:36+00:00
bibliophilly,4332,0023/lewis_e_051,0023,TEI,Breviary,2017-07-17T15:47:27+00:00,2017-07-11T20:50:00+00:00,2018-01-11T18:56:36+00:00
bibliophilly,4331,0023/lewis_e_070,0023,TEI,Letter to Damasus on the death of Saint Jerome,2017-07-17T15:47:27+00:00,2017-07-11T18:53:43+00:00,2018-01-11T18:56:36+00:00
bibliophilly,4341,0023/lewis_e_088,0023,TEI,"Book of Hours, Use of Utrecht",2017-07-19T20:19:39+00:00,2017-07-19T18:11:34+00:00,2018-01-11T18:56:36+00:00
bibliophilly,4342,0025/OthmerMS3,0025,TEI,Pretiosa margarita novella,2017-07-19T20:19:39+00:00,2017-07-19T18:18:17+00:00,2018-01-11T18:56:36+00:00
bibliophilly,4343,0025/OthmerMS5,0025,TEI,Theorica testamentum,2017-07-19T20:19:39+00:00,2017-07-19T19:16:20+00:00,2018-01-11T18:56:36+00:00
bibliophilly,4346,0025/OthmerMS6,0025,TEI,Codicillus,2017-07-24T20:13:29+00:00,2017-07-24T15:56:42+00:00,2018-01-11T18:56:36+00:00
bibliophilly,4347,0025/OthmerMS7,0025,TEI,Liber de secretis naturae seu de quinta essentia,2017-07-24T20:13:29+00:00,2017-07-24T16:18:22+00:00,2018-01-11T18:56:36+00:00
bibliophilly,4348,0025/OthmerMS8,0025,TEI,"Opera, including Lucidarium artis transmutationis metallorum; extracts from the Sommeta and Violetta; and Epistola",2017-07-24T20:13:29+00:00,2017-07-24T18:01:19+00:00,2018-01-11T18:56:36+00:00
bibliophilly,4349,0025/OthmerMS9,0025,TEI,Le petit rosaire; Extract on Alchemy from the Roman de la Rose,2017-07-24T20:13:29+00:00,2017-07-24T18:08:09+00:00,2018-01-11T18:56:36+00:00
bibliophilly,4350,0025/OthmerMS1,0025,TEI,"Recipes and extracts on alchemy, medicine, metal-working, cosmetics, veterinary science, agriculture, wine-making, and other subjects",2017-07-24T20:13:29+00:00,2017-07-24T18:51:50+00:00,2018-01-11T18:56:36+00:00
bibliophilly,4338,0025/OthmerMS2,0025,TEI,Alchemical miscellany,2017-07-25T18:59:07+00:00,2017-07-17T14:33:04+00:00,2018-01-11T18:56:36+00:00
bibliophilly,4339,0025/OthmerMS4,0025,TEI,Ars brevis; Ars abbreviata praedicanda,2017-07-25T18:59:07+00:00,2017-07-17T14:58:48+00:00,2018-01-11T18:56:36+00:00
bibliophilly,4340,0023/lewis_e_085,0023,TEI,"Book of Hours, Use of Besancon?",2017-07-25T18:59:07+00:00,2017-07-17T17:46:55+00:00,2018-01-11T18:56:36+00:00
bibliophilly,4351,0023/lewis_e_044,0023,TEI,"Bible, Epistles",2017-07-25T18:59:07+00:00,2017-07-25T15:37:09+00:00,2018-01-11T18:56:36+00:00
bibliophilly,4352,0023/lewis_e_089,0023,TEI,"Book of Hours, Use of Chalons",2017-07-25T18:59:07+00:00,2017-07-25T16:48:20+00:00,2018-01-11T18:56:36+00:00
bibliophilly,4354,0023/lewis_e_091,0023,TEI,"Book of Hours, Use of Utrecht",2017-07-31T20:44:46+00:00,2017-07-31T16:13:11+00:00,2018-01-11T18:56:36+00:00
bibliophilly,4355,0023/lewis_e_096,0023,TEI,"Book of Hours, Use of Paris",2017-07-31T20:44:46+00:00,2017-07-31T18:58:03+00:00,2018-01-11T18:56:36+00:00
bibliophilly,4359,0023/lewis_e_100,0023,TEI,"Book of Hours, Use of Rome",2017-08-01T17:06:28+00:00,2017-08-01T15:55:27+00:00,2018-01-11T18:56:36+00:00
bibliophilly,4868,0023/lewis_e_101,0023,TEI,"Book of Hours, Use of Rome",2017-08-23T20:46:38+00:00,2017-08-16T19:57:10+00:00,2018-01-11T18:56:36+00:00
bibliophilly,4867,0023/lewis_e_098,0023,TEI,"Book of hours, Use of Paris",2017-08-23T20:46:38+00:00,2017-08-16T18:20:00+00:00,2018-01-11T18:56:36+00:00
bibliophilly,4870,0023/lewis_e_090,0023,TEI,"Book of Hours, Use of Coutances",2017-08-23T20:46:38+00:00,2017-08-23T18:07:27+00:00,2018-01-11T18:56:36+00:00
bibliophilly,4871,0023/lewis_e_105,0023,TEI,"Book of Hours, Use of Rome",2017-08-23T20:46:38+00:00,2017-08-23T18:22:36+00:00,2018-01-11T18:56:36+00:00
bibliophilly,4872,0023/lewis_e_109,0023,TEI,"Book of Hours, Use of Rome",2017-08-23T20:46:38+00:00,2017-08-23T18:59:09+00:00,2018-01-11T18:56:36+00:00
bibliophilly,4877,0023/lewis_e_110,0023,TEI,"Book of Hours, use of Rome",2017-08-28T18:39:37+00:00,2017-08-28T15:00:04+00:00,2018-01-11T18:56:37+00:00
bibliophilly,4878,0023/lewis_e_112,0023,TEI,"Book of Hours, Use of Rome",2017-08-28T18:39:37+00:00,2017-08-28T16:57:30+00:00,2018-01-11T18:56:37+00:00
bibliophilly,4882,0023/lewis_e_011,0023,TEI,Antiphonary,2017-09-06T20:41:16+00:00,2017-09-05T20:41:47+00:00,2018-01-11T18:56:36+00:00
bibliophilly,4884,0023/lewis_e_001,0023,TEI,De amore et dilectione Dei (On the love and favor of God); De doctrina dicendi et tacendi (On the doctrine of speaking and keeping silent); De ritu et moribus Indorum (On the rites and ways of the Indians); Historia de preliis Alexandri Magni (History of the battles of Alexander the Great); Pseudo-Sibylline Prophecy; Sermones quattuor (Four sermons),2017-09-11T20:55:16+00:00,2017-09-06T19:18:35+00:00,2018-01-11T18:56:36+00:00
bibliophilly,4953,0023/lewis_e_103,0023,TEI,"Book of Hours, Use of Rome",2017-09-11T20:55:16+00:00,2017-09-11T16:31:59+00:00,2018-01-11T18:56:36+00:00
bibliophilly,4955,0023/lewis_e_027,0023,TEI,Flores; religious miscellany,2017-09-12T17:16:56+00:00,2017-09-11T16:35:51+00:00,2018-01-11T18:56:36+00:00
bibliophilly,4959,0023/lewis_e_189,0023,TEI,Psalter,2017-09-12T17:16:56+00:00,2017-09-11T18:01:45+00:00,2018-01-11T18:56:37+00:00
bibliophilly,4981,0023/lewis_e_016,0023,TEI,Secreta secretorum (Secrets of Secrets),2017-09-12T17:16:56+00:00,2017-09-12T15:21:37+00:00,2018-01-11T18:56:36+00:00
bibliophilly,5025,0023/lewis_e_237,0023,TEI,Ad adolescentes de legendis libris gentilium (Address to young men on the right use of greek literature),2017-09-18T17:06:52+00:00,2017-09-18T14:49:14+00:00,2018-01-11T18:56:37+00:00
bibliophilly,5026,0023/lewis_e_116,0023,TEI,"Book of Hours, Use of Rome",2017-09-18T17:06:52+00:00,2017-09-18T14:49:34+00:00,2018-01-11T18:56:37+00:00
bibliophilly,5222,0023/lewis_e_026,0023,TEI,De consideratione (On Consideration),2017-10-17T20:50:02+00:00,2017-10-13T19:26:43+00:00,2018-01-11T18:56:36+00:00
bibliophilly,5228,0023/lewis_e_045,0023,TEI,"Bible, with glossa ordinaria",2017-10-17T20:50:02+00:00,2017-10-16T15:47:01+00:00,2018-01-11T18:56:36+00:00
bibliophilly,5227,0023/lewis_e_046,0023,TEI,Biblical commentary on the Old Testament--I Kings - Esther,2017-10-17T20:50:02+00:00,2017-10-16T15:47:01+00:00,2018-01-11T18:56:36+00:00
bibliophilly,5229,0023/lewis_e_053,0023,TEI,Biography of Petrarch; Glosse de libris meteororum (Gloss on the Book of Meteors); Glosse de libris meteororum IV (Gloss on the Book of Meteors IV),2017-10-17T20:50:02+00:00,2017-10-16T15:54:22+00:00,2018-01-11T18:56:36+00:00
bibliophilly,5230,0023/lewis_e_066,0023,TEI,Epistolae ad familiares (Letters to friends),2017-10-17T20:50:02+00:00,2017-10-16T20:40:54+00:00,2018-01-11T18:56:36+00:00
bibliophilly,5231,0023/lewis_e_117,0023,TEI,"Book of Hours, Use of Rome",2017-10-17T20:50:02+00:00,2017-10-16T20:57:28+00:00,2018-01-11T18:56:37+00:00
bibliophilly,5233,0023/lewis_e_054,0023,TEI,De primo bello punico (On the first Punic War),2017-10-17T20:50:02+00:00,2017-10-17T15:39:29+00:00,2018-01-11T18:56:36+00:00
bibliophilly,5234,0023/lewis_e_120,0023,TEI,"Book of Hours, use of Rome",2017-10-17T20:50:02+00:00,2017-10-17T16:05:17+00:00,2018-01-11T18:56:37+00:00
bibliophilly,5236,0023/lewis_e_121,0023,TEI,"Book of Hours, Use of Rome",2017-10-17T20:50:02+00:00,2017-10-17T16:45:30+00:00,2018-01-11T18:56:37+00:00
bibliophilly,5237,0023/lewis_e_123,0023,TEI,"Book of Hours, Use of Rouen",2017-10-17T20:50:02+00:00,2017-10-17T19:48:34+00:00,2018-01-11T18:56:37+00:00
bibliophilly,5302,0023/lewis_e_068,0023,TEI,Chronica summorum pontificum et imperatorum romanorum (Chronicle of Popes and Emperors),2017-10-23T20:44:29+00:00,2017-10-20T18:31:38+00:00,2018-01-11T18:56:36+00:00
bibliophilly,5307,0023/lewis_e_082,0023,TEI,Vitae patrum (Lives of the Fathers),2017-10-23T20:44:29+00:00,2017-10-20T19:34:36+00:00,2018-01-11T18:56:36+00:00
bibliophilly,5314,0023/lewis_e_092,0023,TEI,"Book of Hours, use of Paris",2017-10-23T20:44:29+00:00,2017-10-23T13:51:59+00:00,2018-01-11T18:56:36+00:00
bibliophilly,5317,0023/lewis_e_124,0023,TEI,"Book of Hours, Use of Rouen",2017-10-23T20:44:29+00:00,2017-10-23T15:03:14+00:00,2018-01-11T18:56:37+00:00
bibliophilly,5316,0023/lewis_e_129,0023,TEI,"Book of Hours, Use of Utrecht",2017-10-23T20:44:29+00:00,2017-10-23T15:02:53+00:00,2018-01-11T18:56:37+00:00
bibliophilly,5325,0023/lewis_e_151,0023,TEI,Religious manual,2017-10-24T20:28:17+00:00,2017-10-23T18:11:48+00:00,2018-01-11T18:56:37+00:00
bibliophilly,5324,0023/lewis_e_133,0023,TEI,"Book of Hours, Use of Troyes",2017-10-24T20:28:17+00:00,2017-10-23T18:03:46+00:00,2018-01-11T18:56:37+00:00
bibliophilly,5327,0023/lewis_e_130,0023,TEI,"Book of Hours, Use of Utrecht; Scenes from the Life of Christ",2017-10-24T20:28:17+00:00,2017-10-23T20:26:01+00:00,2018-01-11T18:56:37+00:00
bibliophilly,5331,0023/lewis_e_131,0023,TEI,"Book of Hours, Use of Utrecht",2017-10-24T20:28:17+00:00,2017-10-24T15:45:04+00:00,2018-01-11T18:56:37+00:00
bibliophilly,5330,0023/lewis_e_165,0023,TEI,Compendium logicae (Compendium of logic),2017-10-24T20:28:17+00:00,2017-10-24T14:58:56+00:00,2018-01-11T18:56:37+00:00
bibliophilly,5329,0023/lewis_e_255,0023,TEI,Devotional extracts from the bible,2017-10-24T20:28:17+00:00,2017-10-24T14:45:39+00:00,2018-01-11T18:56:37+00:00
bibliophilly,5402,0023/lewis_e_127,0023,TEI,"Book of Hours, Use of Soissons?",2017-10-30T20:29:48+00:00,2017-10-27T20:04:48+00:00,2018-01-11T18:56:37+00:00
bibliophilly,5404,0023/lewis_e_132,0023,TEI,"Book of Hours, Use of Utrecht",2017-10-30T20:29:48+00:00,2017-10-27T21:00:18+00:00,2018-01-11T18:56:37+00:00
bibliophilly,5411,0023/lewis_e_158,0023,TEI,"Noted Missal, Dominican use",2017-10-30T20:29:48+00:00,2017-10-30T16:53:09+00:00,2018-01-11T18:56:37+00:00
bibliophilly,5413,0023/lewis_e_025,0023,TEI,De forma honestae vitae; De institutione monachorum,2017-10-30T20:29:48+00:00,2017-10-30T18:10:33+00:00,2018-01-11T18:56:36+00:00
bibliophilly,5451,0023/lewis_e_166,0023,TEI,Summa de virtutibus (Treatise on the virtues); Summa vitiorum (Treatise on the vices),2017-11-03T19:27:05+00:00,2017-10-31T13:55:17+00:00,2018-01-11T18:56:37+00:00
bibliophilly,5486,0023/lewis_e_208,0023,TEI,"Book of Hours, Use of Paris",2017-11-06T15:40:09+00:00,2017-11-03T17:40:13+00:00,2018-01-11T18:56:37+00:00
bibliophilly,5498,0027/cpp_10a_212,0027,TEI,De regimine regum et principum,2017-11-06T21:08:00+00:00,2017-11-06T17:22:17+00:00,2018-01-11T18:56:36+00:00
bibliophilly,5507,0023/lewis_e_205,0023,TEI,Stella di salute,2017-11-09T15:23:44+00:00,2017-11-07T21:20:32+00:00,2018-01-11T18:56:37+00:00
bibliophilly,5506,0023/lewis_e_206,0023,TEI,"Book of Hours, use of Rome",2017-11-09T15:23:44+00:00,2017-11-07T21:17:43+00:00,2018-01-11T18:56:37+00:00
bibliophilly,5556,0008/swarthmore_bs75_1200z,0008,TEI,Bible,2017-11-14T21:26:59+00:00,2017-11-13T19:21:44+00:00,2018-01-11T18:56:37+00:00
bibliophilly,5569,0023/lewis_e_079,0023,TEI,Expositio super orationem dominicam (Exposition on Sunday oration); Expositio super salutationem angelicam (Exposition on the annunciation),2017-11-14T21:26:59+00:00,2017-11-14T18:42:48+00:00,2018-01-11T18:56:36+00:00
bibliophilly,5568,0023/lewis_e_058,0023,TEI,"Carta executoria, in favor of Luis and Andres Ordonez",2017-11-14T21:26:59+00:00,2017-11-14T18:42:33+00:00,2018-06-01T13:41:48+00:00
bibliophilly,5572,0023/lewis_e_207,0023,TEI,Prayer book,2017-11-14T21:26:59+00:00,2017-11-14T20:28:43+00:00,2018-01-11T18:56:37+00:00
bibliophilly,5595,0023/lewis_e_213,0023,TEI,Rule of Saint Augustine; Sermon on Matthew 25:6,2017-11-17T21:23:29+00:00,2017-11-17T19:51:17+00:00,2018-01-11T18:56:37+00:00
bibliophilly,5632,0023/lewis_e_043,0023,TEI,Biblical commentary,2017-11-27T21:49:12+00:00,2017-11-27T19:21:31+00:00,2018-01-11T18:56:36+00:00
bibliophilly,5633,0023/lewis_e_048,0023,TEI,Liber primus distinctionum super decretales,2017-11-27T21:49:12+00:00,2017-11-27T21:38:15+00:00,2018-01-11T18:56:36+00:00
bibliophilly,5630,0023/lewis_e_191,0023,TEI,Rituale Dominicanum (Dominican Ritual),2017-11-27T21:49:12+00:00,2017-11-27T17:22:27+00:00,2018-01-11T18:56:37+00:00
bibliophilly,5628,0023/lewis_e_187,0023,TEI,Psalter,2017-11-27T21:49:12+00:00,2017-11-27T16:36:46+00:00,2018-01-11T18:56:37+00:00
bibliophilly,5656,0023/lewis_e_204,0023,TEI,Menologium,2017-11-28T19:05:12+00:00,2017-11-28T18:37:40+00:00,2018-01-11T18:56:37+00:00
bibliophilly,5657,0023/lewis_e_215,0023,TEI,Summa confessionis,2017-11-28T19:05:12+00:00,2017-11-28T18:37:56+00:00,2018-01-11T18:56:37+00:00
bibliophilly,5708,0023/lewis_e_076,0023,TEI,Index to moralia in job; Legenda sanctorum (Lives of the saints),2017-12-05T19:01:03+00:00,2017-12-05T16:42:09+00:00,2018-01-11T18:56:36+00:00
bibliophilly,5709,0023/lewis_e_257,0023,TEI,"Book of Hours, Use of Utrecht",2017-12-05T19:01:03+00:00,2017-12-05T17:38:15+00:00,2018-01-11T18:56:37+00:00
bibliophilly,5745,0023/lewis_e_217,0023,TEI,Prayer book,2017-12-12T18:58:41+00:00,2017-12-12T14:43:43+00:00,2018-01-11T18:56:37+00:00
bibliophilly,5800,0023/lewis_e_078,0023,TEI,Liturgical text; Manipulus curatorum (Handbook for priests),2017-12-15T21:12:35+00:00,2017-12-15T20:24:30+00:00,2018-01-11T18:56:36+00:00
bibliophilly,5796,0027/cpp_10a_154,0027,TEI,De semine et sanguine menstruo,2017-12-15T21:12:35+00:00,2017-12-15T18:50:50+00:00,2018-01-11T18:56:36+00:00
bibliophilly,5809,0023/lewis_e_052,0023,TEI,Breviary,2017-12-19T21:36:51+00:00,2017-12-19T19:40:06+00:00,2018-01-11T18:56:36+00:00
bibliophilly,5810,0023/lewis_e_178,0023,TEI,Prayer book,2017-12-22T16:48:44+00:00,2017-12-19T21:00:16+00:00,2018-01-11T18:56:37+00:00
bibliophilly,5845,0023/lewis_e_180,0023,TEI,Processional,2018-01-08T17:55:17+00:00,2018-01-08T16:40:37+00:00,2018-01-11T18:56:37+00:00
bibliophilly,5847,0023/lewis_e_135,0023,TEI,De claustro animae (The cloister of the soul),2018-01-08T17:55:17+00:00,2018-01-08T17:48:00+00:00,2018-01-11T18:56:37+00:00
bibliophilly,5853,0023/lewis_e_149,0023,TEI,Libellus beati misericordes (A collection of excerpts from the latin fathers),2018-01-09T22:01:42+00:00,2018-01-09T18:01:00+00:00,2018-01-11T18:56:37+00:00
bibliophilly,5852,0023/lewis_e_145,0023,TEI,Lectionary,2018-01-09T22:01:42+00:00,2018-01-09T18:00:14+00:00,2018-01-11T18:56:37+00:00
bibliophilly,5900,0012/lcp_ms1,0012,TEI,S. John Chrysostom: Homilies,2018-01-12T22:02:27+00:00,2018-01-12T21:58:57+00:00,2018-01-14T00:55:27+00:00
bibliophilly,5915,0023/horace_ms_1a,0023,TEI,Ars Poetica and Epistulae,2018-01-16T20:43:29+00:00,2018-01-16T20:40:12+00:00,2018-01-17T00:08:41+00:00
bibliophilly,5914,0023/horace_ms_1b,0023,TEI,Laelius de Amicitia,2018-01-16T20:43:29+00:00,2018-01-16T20:05:17+00:00,2018-01-17T00:08:41+00:00
bibliophilly,5954,0023/lewis_e_134,0023,TEI,"Prayer Book, Use of Cologne",2018-01-19T21:04:36+00:00,2018-01-19T20:03:49+00:00,2018-01-20T00:39:27+00:00
bibliophilly,5955,0023/lewis_e_021,0023,TEI,De sermone domini in monte habito (On the sermon on the mount) and other treatises; De superbia (On pride) and other treatises; Expositio dominice orationis (Exposition on the lord's prayer),2018-01-19T21:04:36+00:00,2018-01-19T20:04:14+00:00,2018-01-20T00:39:27+00:00
bibliophilly,5964,0028/ms_1004_029,0028,TEI,Almanack,2018-02-02T20:29:46+00:00,2018-01-22T14:53:21+00:00,2018-01-30T19:27:02+00:00
bibliophilly,5999,0023/lewis_e_114,0023,TEI,"Book of Hours, Use of Rome",2018-02-02T20:29:46+00:00,2018-02-02T19:39:40+00:00,2018-02-03T00:11:54+00:00
bibliophilly,6000,0012/lcp_ms8,0012,TEI,"Gallican Psalter with Canticles, Litany, and Prayers",2018-02-02T21:02:21+00:00,2018-02-02T20:59:41+00:00,2018-02-03T00:11:54+00:00
bibliophilly,5998,0023/lewis_e_007,0023,TEI,Processional,2018-02-05T15:05:13+00:00,2018-02-02T19:35:06+00:00,2018-02-03T00:11:54+00:00
bibliophilly,6004,0023/lewis_e_006,0023,TEI,"Antiphonary, Dominican use",2018-02-05T21:26:10+00:00,2018-02-05T18:33:20+00:00,2018-02-07T13:10:43+00:00
bibliophilly,6003,0023/lewis_e_028,0023,TEI,Bible,2018-02-05T21:26:10+00:00,2018-02-05T18:28:17+00:00,2018-02-09T20:43:02+00:00
bibliophilly,6002,0023/lewis_e_115,0023,TEI,"Book of Hours, Use of Rome",2018-02-05T21:26:10+00:00,2018-02-05T17:25:13+00:00,2018-02-06T01:07:42+00:00
bibliophilly,6006,0028/ms_431_024,0028,TEI,"Summa de casibus conscientiae, III-VI",2018-02-05T21:26:10+00:00,2018-02-05T21:19:27+00:00,2018-02-07T13:10:43+00:00
bibliophilly,6001,0012/lcp_ms14,0012,TEI,Regulae ordinis fratrum minorum Franciscani etc.,2018-02-05T21:26:11+00:00,2018-02-05T17:24:33+00:00,2018-02-06T01:07:42+00:00
bibliophilly,6005,0028/ms_484_018,0028,TEI,"Quaestiones in josue, judicum, regum, machabeis",2018-02-05T21:26:11+00:00,2018-02-05T20:07:36+00:00,2018-02-06T01:07:42+00:00
bibliophilly,6008,0028/ms_197_030,0028,TEI,Les regnars traversant les perilleuses voyes des folles fiances du monde,2018-02-06T21:43:36+00:00,2018-02-06T20:16:43+00:00,2018-02-07T13:10:43+00:00
bibliophilly,6009,0028/ms_484_016,0028,TEI,Concordantiae multorum librorum ad scientiam,2018-02-06T21:43:36+00:00,2018-02-06T21:40:15+00:00,2018-03-13T17:42:49+00:00
bibliophilly,6010,0028/ms_232_015,0028,TEI,Psalter,2018-02-12T17:32:30+00:00,2018-02-09T17:55:37+00:00,2018-02-09T23:40:26+00:00
bibliophilly,6022,0012/lcp_ms024,0012,TEI,"Hamilton Book of Hours, Use of Therouanne",2018-02-12T17:32:30+00:00,2018-02-12T16:29:14+00:00,2018-02-12T23:57:48+00:00
bibliophilly,6025,0027/cpp_10a_135,0027,TEI,De cura sterilitatis mulierum and De infirmitatis,2018-02-12T21:24:00+00:00,2018-02-12T21:16:41+00:00,2018-02-12T23:57:48+00:00
bibliophilly,6027,0023/lewis_e_031,0023,TEI,Bible,2018-02-13T18:27:29+00:00,2018-02-13T17:44:09+00:00,2018-02-14T00:50:40+00:00
bibliophilly,6028,0023/lewis_e_032,0023,TEI,Bible; Notes on a church synod,2018-02-13T18:27:29+00:00,2018-02-13T17:45:35+00:00,2018-02-14T00:50:40+00:00
bibliophilly,6057,0027/cpp_10a_189,0027,TEI,De fructibus vescendis,2018-02-19T20:31:44+00:00,2018-02-19T16:52:36+00:00,2018-02-21T23:21:26+00:00
bibliophilly,6058,0027/cpp_10a_210,0027,TEI,Regimen sanitatis ad regem Aragonum,2018-02-19T20:31:44+00:00,2018-02-19T19:43:37+00:00,2018-02-21T23:21:26+00:00
bibliophilly,6086,0028/ms_484_013,0028,TEI,Epistolae cum glossis,2018-02-27T21:09:09+00:00,2018-02-27T18:56:50+00:00,2018-02-28T00:37:42+00:00
bibliophilly,6088,0028/ms_272_017,0028,TEI,Diploma in civil and canon law,2018-02-27T21:09:10+00:00,2018-02-27T19:42:26+00:00,2018-02-28T00:37:42+00:00
bibliophilly,6089,0028/ms_443_021,0028,TEI,L'outre d'amour pour amour morte,2018-02-27T21:09:10+00:00,2018-02-27T20:53:33+00:00,2018-02-28T00:37:42+00:00
bibliophilly,6107,0028/ms_484_015,0028,TEI,Commentum super libro Porphyrii Isagoge; De decim predicamentis,2018-03-05T17:57:52+00:00,2018-03-05T15:58:06+00:00,2018-03-05T23:20:47+00:00
bibliophilly,6108,0027/cpp_10a_249,0027,TEI,Lilium medicinae,2018-03-06T21:26:36+00:00,2018-03-06T20:50:07+00:00,2018-03-06T23:29:02+00:00
bibliophilly,6109,0028/ms_239_006,0028,TEI,De tartaro et eius origine in corpore humano,2018-03-06T22:01:50+00:00,2018-03-06T21:46:59+00:00,2018-03-06T23:29:02+00:00
bibliophilly,6162,0027/cpp_10a_233,0027,TEI,De crisibus libri III,2018-03-09T20:37:55+00:00,2018-03-09T19:55:12+00:00,2018-03-09T23:37:14+00:00
bibliophilly,6161,0023/lewis_e_020,0023,TEI,De quattuor virtutibus caritatis (On the four virtues of charity),2018-03-09T20:37:55+00:00,2018-03-09T19:16:52+00:00,2018-03-09T23:37:14+00:00
bibliophilly,6163,0023/lewis_e_034,0023,TEI,Bible,2018-03-09T21:11:15+00:00,2018-03-09T20:58:17+00:00,2018-03-10T23:44:59+00:00
bibliophilly,6164,0028/ms_239_025,0028,TEI,Ad sacratissimum Britanniae regem Henricum,2018-03-12T20:42:31+00:00,2018-03-12T14:33:23+00:00,2018-03-12T22:52:12+00:00
bibliophilly,6165,0028/ms_240_015,0028,TEI,"Breviary, Cistercian Use",2018-03-12T20:42:32+00:00,2018-03-12T15:18:43+00:00,2018-03-14T02:56:57+00:00
bibliophilly,6168,0028/ms_241_002,0028,TEI,Le pelerinage de la vie humaine,2018-03-12T20:42:33+00:00,2018-03-12T17:33:40+00:00,2018-03-14T02:56:57+00:00
bibliophilly,6166,0028/ms_485_008,0028,TEI,Ordo ad recipiendum novicias in monasterio,2018-03-12T20:42:33+00:00,2018-03-12T15:57:49+00:00,2018-03-12T22:52:13+00:00
bibliophilly,6167,0028/ms_485_022,0028,TEI,Volentibus igitur facilem ad musicam habere aggressum,2018-03-12T20:42:33+00:00,2018-03-12T16:06:08+00:00,2018-03-12T22:52:13+00:00
bibliophilly,6169,0028/ms_1057_014,0028,TEI,De infancia salvatoris,2018-03-12T20:42:33+00:00,2018-03-12T17:34:28+00:00,2018-03-12T22:52:13+00:00
bibliophilly,6170,0028/ms_1057_029,0028,TEI,"Book of Hours, Use of Paris",2018-03-12T20:42:33+00:00,2018-03-12T19:45:30+00:00,2018-03-14T02:56:57+00:00
bibliophilly,6171,0028/ms_1083_029,0028,TEI,Confessio amantis,2018-03-12T20:42:33+00:00,2018-03-12T20:28:09+00:00,2018-03-14T02:56:59+00:00
bibliophilly,6175,0028/ms_1084_002,0028,TEI,Canterbury tales,2018-03-13T20:49:50+00:00,2018-03-13T15:11:42+00:00,2018-03-14T02:56:59+00:00
bibliophilly,6181,0028/ms_1174_014,0028,TEI,Sermones quadragesimales,2018-03-13T20:49:50+00:00,2018-03-13T20:43:48+00:00,2018-03-15T00:24:31+00:00
bibliophilly,6176,0023/lewis_e_064,0023,TEI,Golden Bull of Charles IV,2018-03-13T20:49:50+00:00,2018-03-13T16:52:17+00:00,2018-03-14T02:56:59+00:00
bibliophilly,6178,0023/lewis_e_069,0023,TEI,Chart of Consanguinity; Schwabenspiegel Landrecht (Common Law of the Swabians),2018-03-13T20:49:50+00:00,2018-03-13T19:09:25+00:00,2018-03-15T00:24:31+00:00
bibliophilly,6177,0023/lewis_e_071,0023,TEI,Excerpta orationum Demosthenis et Aeschini (Excerpts of the Orations of Demosthenes and Aeschines); Historia Romana (History of Rome),2018-03-13T20:49:51+00:00,2018-03-13T18:13:40+00:00,2018-03-14T02:56:59+00:00
bibliophilly,6180,0023/lewis_e_084,0023,TEI,Theological miscellany,2018-03-13T20:49:51+00:00,2018-03-13T20:28:43+00:00,2018-03-15T00:24:31+00:00
bibliophilly,6182,0023/lewis_e_093,0023,TEI,"Book of Hours, Use of Paris",2018-03-13T20:49:51+00:00,2018-03-13T20:48:22+00:00,2018-03-15T00:24:31+00:00
bibliophilly,6200,0023/lewis_e_094,0023,TEI,"Book of Hours, Use of Paris",2018-03-16T20:32:52+00:00,2018-03-16T19:49:21+00:00,2018-03-17T23:29:50+00:00
bibliophilly,6199,0023/lewis_e_095,0023,TEI,"Book of Hours, use of Paris",2018-03-16T20:32:52+00:00,2018-03-16T19:42:13+00:00,2018-03-17T23:29:50+00:00
bibliophilly,6198,0023/lewis_e_019,0023,TEI,In epistolam Johannis ad Parthos (Sermons on the first epistle of Saint John),2018-03-16T20:32:53+00:00,2018-03-16T17:46:54+00:00,2018-03-16T23:06:36+00:00
bibliophilly,6201,0023/lewis_e_077,0023,TEI,Decretals with Glossa ordinaria of bernardo da parma,2018-03-16T20:32:53+00:00,2018-03-16T20:07:11+00:00,2018-03-17T23:29:50+00:00
bibliophilly,6202,0023/lewis_e_104,0023,TEI,"Book of Hours, Use of Rome",2018-03-16T20:32:53+00:00,2018-03-16T20:28:00+00:00,2018-03-17T23:29:50+00:00
bibliophilly,6205,0012/lcp_ms6,0012,TEI,Postilla super psalterium (Commentary on the Psalms),2018-03-19T18:57:43+00:00,2018-03-19T17:15:26+00:00,2018-03-21T01:05:42+00:00
bibliophilly,6206,0012/lcp_ms9,0012,TEI,Biblia,2018-03-19T18:57:44+00:00,2018-03-19T18:39:16+00:00,2018-03-21T01:05:42+00:00
bibliophilly,6204,0027/cpp_10a_159,0027,TEI,De virtutibus herbarum et aromatum,2018-03-19T18:57:44+00:00,2018-03-19T17:13:59+00:00,2018-03-19T23:35:04+00:00
bibliophilly,6207,0027/cpp_10a_132,0027,TEI,Medical-pharmaceutical miscellany,2018-03-19T18:57:44+00:00,2018-03-19T18:48:20+00:00,2018-03-19T23:35:05+00:00
bibliophilly,6208,0027/cpp_10a_215,0027,TEI,Composite medical miscellany,2018-03-19T20:36:45+00:00,2018-03-19T20:22:17+00:00,2018-03-19T23:35:05+00:00
bibliophilly,6203,0012/lcp_m7,0012,TEI,Diurnal Antiphonal,2018-03-19T20:41:23+00:00,2018-03-19T16:10:20+00:00,2018-03-19T23:35:03+00:00
bibliophilly,6249,0023/lewis_e_253,0023,TEI,Manuscript of an evangelist and prebendary of the minor orders,2018-03-20T17:10:39+00:00,2018-03-20T15:02:45+00:00,2018-03-21T01:05:43+00:00
bibliophilly,6252,0023/lewis_e_256,0023,TEI,"Breviary, Cistercian use",2018-03-20T17:10:39+00:00,2018-03-20T17:09:53+00:00,2018-03-21T01:05:43+00:00
bibliophilly,6250,0023/lewis_e_258,0023,TEI,Life of Holy Francis and his companions,2018-03-20T17:10:39+00:00,2018-03-20T15:59:40+00:00,2018-03-21T01:05:43+00:00
bibliophilly,6251,0023/lewis_e_260,0023,TEI,Schwabenspiegel,2018-03-20T17:10:39+00:00,2018-03-20T16:03:59+00:00,2018-03-21T01:05:43+00:00
bibliophilly,6274,0023/lewis_e_218,0023,TEI,Missal,2018-03-23T20:11:06+00:00,2018-03-23T18:31:24+00:00,2018-03-23T23:08:15+00:00
bibliophilly,6275,0023/lewis_e_219,0023,TEI,De precetti della lege divina sacramento simbolo et altre cose della dottrina christiana,2018-03-23T20:11:06+00:00,2018-03-23T18:46:24+00:00,2018-03-23T23:08:15+00:00
bibliophilly,6278,0029/mss_0095_016,0029,TEI,Italian alchemical manuscripts and printed selections,2018-03-26T19:34:31+00:00,2018-03-26T16:06:33+00:00,2018-04-17T19:58:03+00:00
bibliophilly,6279,0028/ms_482_002,0028,TEI,De regimine principum,2018-03-26T19:34:31+00:00,2018-03-26T17:34:07+00:00,2018-04-03T20:06:57+00:00
bibliophilly,6344,0023/lewis_e_212,0023,TEI,"Book of Hours, Use of Rome",2018-04-03T19:35:22+00:00,2018-03-30T18:17:55+00:00,2018-03-30T23:19:53+00:00
bibliophilly,6370,0023/lewis_e_216,0023,TEI,Postilla epistolarum dominicalium,2018-04-03T19:35:22+00:00,2018-04-03T17:33:12+00:00,2018-04-03T23:24:35+00:00
bibliophilly,6371,0012/lcp_ms4,0012,TEI,Gallican Psalter with Canticles,2018-04-03T19:35:23+00:00,2018-04-03T17:55:53+00:00,2018-04-03T23:24:35+00:00
bibliophilly,6372,0012/lcp_ms5,0012,TEI,"Book of Hours, Use of Rouen",2018-04-03T19:40:26+00:00,2018-04-03T19:36:02+00:00,2018-04-03T23:24:35+00:00
bibliophilly,6396,0029/mss_0095_014,0029,TEI,Liber de consideratione quintae essentiae omnium rerum,2018-04-06T20:42:51+00:00,2018-04-06T15:02:22+00:00,2018-04-06T22:46:47+00:00
bibliophilly,6399,0030/spc_mss_lt_085,0030,TEI,Pore Caitif,2018-04-06T20:42:52+00:00,2018-04-06T19:36:04+00:00,2018-04-17T22:35:02+00:00
bibliophilly,6400,0030/spc_mss_133,0030,TEI,Book of Hours : Use of Toul,2018-04-06T20:42:52+00:00,2018-04-06T20:09:28+00:00,2018-04-17T22:35:03+00:00
bibliophilly,6424,0023/lewis_e_035,0023,TEI,"Biblical commentary on the Pentateuch (Exodus, Leviticus, Numbers)",2018-04-10T19:38:38+00:00,2018-04-10T17:07:29+00:00,2018-04-11T00:04:44+00:00
bibliophilly,6425,0023/lewis_e_038,0023,TEI,Bible,2018-04-10T19:38:38+00:00,2018-04-10T19:11:28+00:00,2018-04-11T23:13:55+00:00
bibliophilly,6423,0023/lewis_e_042,0023,TEI,"Bible, glossed Mark",2018-04-10T19:38:38+00:00,2018-04-10T16:53:30+00:00,2018-04-11T00:04:44+00:00
bibliophilly,6441,0023/lewis_e_099,0023,TEI,"Book of Hours, Use of Rome",2018-04-17T14:01:26+00:00,2018-04-13T19:02:45+00:00,2018-04-13T23:10:30+00:00
bibliophilly,6440,0023/lewis_e_102,0023,TEI,"Book of Hours, Use of Rome",2018-04-17T14:01:26+00:00,2018-04-13T19:01:35+00:00,2018-04-13T23:10:30+00:00
bibliophilly,6442,0023/lewis_e_106,0023,TEI,"Book of Hours, use of Rome",2018-04-17T14:01:26+00:00,2018-04-13T19:24:34+00:00,2018-04-14T22:30:56+00:00
bibliophilly,6443,0023/lewis_e_143,0023,TEI,Dogale,2018-04-17T14:01:26+00:00,2018-04-13T19:25:53+00:00,2018-04-13T23:10:30+00:00
bibliophilly,6449,0029/mss_0095_013,0029,TEI,Two leaves from a Psalter,2018-04-18T18:31:27+00:00,2018-04-18T14:22:48+00:00,2018-04-18T23:35:40+00:00
bibliophilly,6452,0029/mss_0095_017,0029,TEI,Secreta,2018-04-18T18:31:27+00:00,2018-04-18T15:47:54+00:00,2018-04-18T23:35:40+00:00
bibliophilly,6453,0029/mss_0095_015,0029,TEI,"Medical, alchemical, and craft materials recipes, 15th and 16th centuries.",2018-04-18T18:31:27+00:00,2018-04-18T15:48:34+00:00,2018-04-18T23:35:40+00:00
bibliophilly,6454,0029/mss_0095_018,0029,TEI,Lapis philosophorum,2018-04-18T18:31:27+00:00,2018-04-18T16:36:51+00:00,2018-04-18T23:35:40+00:00
bibliophilly,6455,0029/mss_0095_031,0029,TEI,"Book of Hours, Use of Noyon",2018-04-18T18:31:27+00:00,2018-04-18T17:36:03+00:00,2018-04-18T23:35:40+00:00
bibliophilly,6456,0023/lewis_e_108,0023,TEI,"Book of Hours, use of Rome",2018-04-18T18:31:28+00:00,2018-04-18T17:36:53+00:00,2018-04-18T23:35:40+00:00
bibliophilly,6475,0023/lewis_e_111,0023,TEI,"Book of Hours, use of Rome",2018-04-20T20:36:33+00:00,2018-04-20T19:47:51+00:00,2018-04-20T22:52:21+00:00
bibliophilly,6475,0023/lewis_e_111,0023,TEI,"Book of Hours, use of Rome",2018-04-20T20:42:30+00:00,2018-04-20T19:47:51+00:00,2018-04-20T22:52:21+00:00
bibliophilly,6492,0023/lewis_e_065,0023,TEI,Constitutiones clementinae (Clementine constitutions),2018-04-24T20:16:53+00:00,2018-04-23T20:30:42+00:00,2018-04-23T22:35:59+00:00
bibliophilly,6494,0023/lewis_e_122,0023,TEI,"Book of Hours, Use of Rome",2018-04-24T20:16:54+00:00,2018-04-24T14:47:10+00:00,2018-04-25T00:07:07+00:00
bibliophilly,6493,0023/lewis_e_081,0023,TEI,Epistola ad Iheronimum (Letter to Jerome); Vitae patrum (Lives of the Fathers),2018-04-24T20:16:54+00:00,2018-04-24T14:02:57+00:00,2018-04-25T00:07:06+00:00
bibliophilly,6495,0023/lewis_e_128,0023,TEI,"Book of Hours, use of Tours",2018-04-24T20:16:54+00:00,2018-04-24T15:21:44+00:00,2018-04-25T00:07:07+00:00
bibliophilly,6496,0023/lewis_e_137,0023,TEI,Sententiae (Sentences),2018-04-24T20:16:54+00:00,2018-04-24T17:28:53+00:00,2018-04-25T00:07:07+00:00
bibliophilly,6497,0023/lewis_e_142,0023,TEI,Repertorium juris civilis (Catalog of Civil Law),2018-04-24T20:16:54+00:00,2018-04-24T18:01:26+00:00,2018-04-25T23:13:51+00:00
bibliophilly,6498,0023/lewis_e_144,0023,TEI,Fragment of a lectionary,2018-04-24T20:16:54+00:00,2018-04-24T19:14:48+00:00,2018-04-25T00:07:07+00:00
bibliophilly,6499,0023/lewis_e_150,0023,TEI,Periochae,2018-04-24T20:16:54+00:00,2018-04-24T19:50:33+00:00,2018-04-25T00:07:07+00:00
bibliophilly,6500,0023/lewis_e_148,0023,TEI,Epistolary,2018-04-24T20:16:54+00:00,2018-04-24T20:08:20+00:00,2018-04-25T00:07:07+00:00
bibliophilly,6520,0023/lewis_e_175,0023,TEI,Prayer against the plague; Prayer book,2018-04-27T19:36:34+00:00,2018-04-27T19:30:28+00:00,2018-04-27T23:36:33+00:00
bibliophilly,6519,0023/lewis_e_177,0023,TEI,Prayer book,2018-04-27T19:36:34+00:00,2018-04-27T19:29:20+00:00,2018-04-27T23:36:33+00:00
bibliophilly,6521,0023/lewis_e_176,0023,TEI,Prayer book,2018-04-27T20:25:12+00:00,2018-04-27T20:20:56+00:00,2018-04-27T23:36:33+00:00
bibliophilly,6527,0023/lewis_e_138,0023,TEI,Historia hierosolymitana (History of Jerusalem),2018-04-30T19:38:08+00:00,2018-04-30T14:53:47+00:00,2018-04-30T23:27:47+00:00
bibliophilly,6528,0023/lewis_e_140,0023,TEI,"Rule of the order of the Jesuati of San Giusto alle mura, Florence",2018-04-30T19:38:08+00:00,2018-04-30T15:10:12+00:00,2018-04-30T23:27:47+00:00
bibliophilly,6529,0023/lewis_e_153,0023,TEI,Fragment of a Martyrology,2018-04-30T19:38:08+00:00,2018-04-30T15:10:18+00:00,2018-04-30T23:27:47+00:00
bibliophilly,6531,0023/lewis_e_159,0023,TEI,Fragment of a Missal,2018-04-30T19:38:08+00:00,2018-04-30T18:59:51+00:00,2018-04-30T23:27:47+00:00
bibliophilly,6532,0023/lewis_e_251,0023,TEI,Enarratio in prophetam Isaiam,2018-04-30T19:38:08+00:00,2018-04-30T19:33:47+00:00,2018-04-30T23:27:47+00:00
bibliophilly,6533,0023/lewis_e_157,0023,TEI,"Missal, use of Rome",2018-04-30T20:38:49+00:00,2018-04-30T19:41:59+00:00,2018-05-02T01:17:30+00:00
bibliophilly,6537,0023/lewis_e_161,0023,TEI,Missal,2018-05-01T20:49:37+00:00,2018-05-01T14:04:16+00:00,2018-05-03T00:25:18+00:00
bibliophilly,6541,0028/ms_232_011,0028,TEI,Pronosticque historial de la felicite future de l'an mil cincq cens et douze,2018-05-01T20:49:37+00:00,2018-05-01T16:01:41+00:00,2018-05-02T01:17:30+00:00
bibliophilly,6544,0028/ms_439_016,0028,TEI,Fall of princes,2018-05-01T20:49:37+00:00,2018-05-01T17:53:28+00:00,2018-05-03T00:25:19+00:00
bibliophilly,6546,0028/ms_484_011,0028,TEI,Super cantica canticorum,2018-05-01T20:49:37+00:00,2018-05-01T20:17:53+00:00,2018-05-03T00:25:19+00:00
bibliophilly,6545,0028/ms_484_020,0028,TEI,Compendium logicae,2018-05-01T20:49:37+00:00,2018-05-01T19:54:03+00:00,2018-05-02T01:17:30+00:00
bibliophilly,6539,0023/lewis_e_235b,0023,TEI,Grammatical treatise,2018-05-01T20:49:37+00:00,2018-05-01T15:11:23+00:00,2018-05-02T01:17:30+00:00
bibliophilly,6540,0023/lewis_e_250,0023,TEI,Treatise on the construction of an astrolabe,2018-05-01T20:49:37+00:00,2018-05-01T15:38:08+00:00,2018-05-02T01:17:30+00:00
bibliophilly,6543,0023/lewis_e_241,0023,TEI,Carta executoria,2018-05-01T20:49:37+00:00,2018-05-01T17:09:36+00:00,2018-05-02T01:17:30+00:00
bibliophilly,6549,0023/lewis_e_219_1,0023,TEI,Meditationes de passione christi,2018-05-02T18:01:37+00:00,2018-05-02T13:46:13+00:00,2018-05-03T00:25:19+00:00
bibliophilly,6550,0023/lewis_e_240,0023,TEI,Revelations,2018-05-02T18:01:38+00:00,2018-05-02T14:18:58+00:00,2018-05-03T00:25:19+00:00
bibliophilly,6551,0023/lewis_e_186,0023,TEI,Psalter,2018-05-02T18:01:38+00:00,2018-05-02T15:15:47+00:00,2018-05-03T00:25:19+00:00
bibliophilly,6552,0023/lewis_e_179,0023,TEI,Prayer Book,2018-05-02T20:04:44+00:00,2018-05-02T19:17:53+00:00,2018-05-04T14:00:52+00:00
bibliophilly,6553,0028/ms_484_021,0028,TEI,Dialogorum ... libri quatuor de miraculis,2018-05-02T20:54:59+00:00,2018-05-02T19:32:48+00:00,2018-05-03T00:25:19+00:00
bibliophilly,6554,0027/cpp_10a_231,0027,TEI,Artzenei buch,2018-05-02T20:54:59+00:00,2018-05-02T20:48:57+00:00,2018-05-03T00:25:19+00:00
bibliophilly,6560,0012/lcp_ms15,0012,TEI,"Book of Hours, fragment",2018-05-04T21:08:48+00:00,2018-05-04T15:51:51+00:00,2018-05-05T00:26:24+00:00
bibliophilly,6561,0012/lcp_ms18,0012,TEI,Traictie des VII fruis de tribulacion,2018-05-04T21:08:48+00:00,2018-05-04T16:17:56+00:00,2018-05-30T14:43:55+00:00
bibliophilly,6562,0012/lcp_ms19,0012,TEI,Antiphonal,2018-05-04T21:08:48+00:00,2018-05-04T19:12:53+00:00,2018-05-05T23:09:30+00:00
bibliophilly,6559,0023/lewis_e_022,0023,TEI,Enarrationes in psalmos (Expositions on the psalms); Initials (ABC); Prayer,2018-05-07T13:58:55+00:00,2018-05-04T15:35:31+00:00,2018-05-05T00:26:24+00:00
bibliophilly,6563,0023/lewis_e_037,0023,TEI,Bible,2018-05-07T18:41:37+00:00,2018-05-07T13:09:35+00:00,2018-05-09T14:07:17+00:00
bibliophilly,6564,0023/lewis_e_086,0023,TEI,"Book of Hours, use of Bourges",2018-05-07T18:41:37+00:00,2018-05-07T16:31:41+00:00,2018-05-07T23:16:09+00:00
bibliophilly,6558,0023/lewis_e_174,0023,TEI,Prayer book,2018-05-07T18:41:37+00:00,2018-05-04T14:22:35+00:00,2018-05-07T13:57:12+00:00
bibliophilly,6566,0023/lewis_e_167,0023,TEI,Tractatus moralis de virtutibus (Moral Tract on the Virtues),2018-05-08T14:44:53+00:00,2018-05-08T13:50:21+00:00,2018-05-08T23:57:48+00:00
bibliophilly,6567,0023/lewis_e_263,0023,TEI,Carta executoria a pedimiento de Alonso Mendez de Parada,2018-05-08T17:13:30+00:00,2018-05-08T15:41:05+00:00,2018-05-08T23:57:48+00:00
bibliophilly,6577,0023/lewis_e_004,0023,TEI,Hexameron,2018-05-16T13:47:58+00:00,2018-05-15T19:51:42+00:00,2018-05-16T20:30:22+00:00
bibliophilly,6575,0023/lewis_e_183_v1,0023,TEI,Psalter-Hours,2018-05-16T13:47:58+00:00,2018-05-15T18:00:14+00:00,2018-05-15T22:40:39+00:00
bibliophilly,6576,0023/lewis_e_183_v2,0023,TEI,Psalter-Hours,2018-05-16T13:47:58+00:00,2018-05-15T18:36:41+00:00,2018-05-15T22:40:39+00:00
bibliophilly,6574,0023/lewis_e_169,0023,TEI,Aurora,2018-05-16T13:47:58+00:00,2018-05-15T15:30:24+00:00,2018-05-15T22:40:38+00:00
bibliophilly,6579,0023/lewis_e_248,0023,TEI,"Summa de casibus poenitentia, glossed",2018-05-17T18:30:41+00:00,2018-05-16T20:31:50+00:00,2018-05-16T22:42:00+00:00
bibliophilly,6578,0023/lewis_e_242,0023,TEI,Bible,2018-05-17T18:30:41+00:00,2018-05-16T16:36:08+00:00,2018-05-16T22:42:00+00:00
bibliophilly,6580,0023/lc_14_28,0023,TEI,Statuta vetera (Old Statutes),2018-05-17T19:59:45+00:00,2018-05-17T19:08:18+00:00,2018-05-17T22:24:29+00:00
bibliophilly,6581,0028/ms_002_003,0028,TEI,Meditationes super Genesim; Novella materia super septem peccatis capitalibus,2018-05-17T20:54:10+00:00,2018-05-17T20:23:16+00:00,2018-05-17T22:24:29+00:00
bibliophilly,6585,0023/lc_14_13,0023,TEI,Britton,2018-05-23T13:17:04+00:00,2018-05-22T21:42:54+00:00,2018-05-25T18:49:25+00:00
bibliophilly,6586,0023/lc_14_9_5,0023,TEI,Statuta nova (New Statutes),2018-05-23T21:11:13+00:00,2018-05-23T17:59:30+00:00,2018-05-25T18:49:25+00:00
bibliophilly,6588,0023/lc_14_12,0023,TEI,Readings on Statutes,2018-05-29T15:01:52+00:00,2018-05-23T21:59:28+00:00,2018-05-25T18:49:25+00:00
bibliophilly,6589,0023/lc_14_19,0023,TEI,Statuta vetera (Old Statutes),2018-05-29T15:01:52+00:00,2018-05-25T19:19:31+00:00,2018-05-29T14:55:42+00:00
bibliophilly,6590,0023/lc_14_21,0023,TEI,Statuta vetera (Old Statutes),2018-05-29T19:52:05+00:00,2018-05-29T18:10:45+00:00,2018-05-29T22:23:21+00:00
bibliophilly,6591,0023/lc_14_20_5,0023,TEI,Statuta Angliae,2018-05-29T19:52:05+00:00,2018-05-29T19:21:52+00:00,2018-05-29T22:23:21+00:00
bibliophilly,6592,0012/lcp_ms22,0012,TEI,"Jacobus de Cessolis: De ludo scacchorum, incomplete",2018-05-29T21:13:34+00:00,2018-05-29T20:54:21+00:00,2018-05-29T22:23:21+00:00
bibliophilly,6594,0012/lcp_ms20,0012,TEI,Jacobus de Voragine: Sermones etc.,2018-05-30T20:40:58+00:00,2018-05-30T16:37:49+00:00,2018-05-30T22:56:04+00:00
bibliophilly,6595,0012/lcp_ms21,0012,TEI,"Gradual, incomplete",2018-05-30T20:40:59+00:00,2018-05-30T19:26:10+00:00,2018-05-30T22:56:04+00:00
bibliophilly,6596,0012/lcp_ms12_v1,0012,TEI,"Book of Hours, Use of Paris",2018-05-30T20:40:59+00:00,2018-05-30T19:46:17+00:00,2018-05-30T22:56:04+00:00
bibliophilly,6597,0012/lcp_ms12_v2,0012,TEI,"Book of Hours, Use of Paris",2018-05-30T20:40:59+00:00,2018-05-30T20:24:01+00:00,2018-05-30T22:56:04+00:00
bibliophilly,6598,0023/lewis_e_118,0023,TEI,"Book of Hours, use of Rome",2018-05-30T21:06:55+00:00,2018-05-30T21:03:28+00:00,2018-05-30T22:56:04+00:00
bibliophilly,6599,0023/horace_ms_2,0023,TEI,Ars Poetica (Art of Poetry); Carmen seculare; Epistolae (Epistles); Odes,2018-05-31T16:40:01+00:00,2018-05-31T16:24:59+00:00,2018-05-31T22:24:17+00:00
bibliophilly,6600,0029/mss_0474_f2b,0029,TEI,Leaf from a Book of Hours,2018-06-06T13:57:44+00:00,2018-06-05T15:35:17+00:00,2018-06-05T22:18:54+00:00
bibliophilly,6601,0023/lewis_e_119,0023,TEI,"Book of Hours, use of Rome; Litany and Prayers",2018-06-14T15:32:23+00:00,2018-06-08T21:07:21+00:00,2018-06-08T22:21:36+00:00
bibliophilly,6603,0023/lewis_e_239,0023,TEI,"Bible, Gospels",2018-06-15T20:47:03+00:00,2018-06-15T17:08:27+00:00,2018-06-15T22:55:01+00:00
bibliophilly,6604,0023/lewis_e_243,0023,TEI,"Bible, glossed minor prophets; Missal",2018-06-15T20:47:04+00:00,2018-06-15T20:18:11+00:00,2018-06-15T22:55:02+00:00
bibliophilly,6606,0023/lewis_e_233,0023,TEI,Antiphonary,2018-06-20T13:40:39+00:00,2018-06-19T17:54:44+00:00,2018-06-19T22:48:22+00:00
bibliophilly,6607,0023/lewis_e_222,0023,TEI,Antiphonary,2018-06-20T13:40:39+00:00,2018-06-19T20:50:56+00:00,2018-06-20T23:36:18+00:00
bibliophilly,6608,0023/lewis_e_223,0023,TEI,Antiphonary,2018-06-20T16:15:51+00:00,2018-06-20T14:26:29+00:00,2018-06-20T23:36:19+00:00
bibliophilly,6605,0023/lewis_e_247,0023,TEI,Gesta regum Anglorum (Deeds of the English Kings); Historia regum Britanniae (History of the Kings of Britain),2018-06-20T16:15:52+00:00,2018-06-18T16:44:27+00:00,2018-06-19T22:48:22+00:00
bibliophilly,6609,0023/lewis_e_226,0023,TEI,Gradual,2018-06-20T20:56:58+00:00,2018-06-20T19:07:41+00:00,2018-06-20T23:36:19+00:00
bibliophilly,6610,0023/lewis_e_231,0023,TEI,Choir psalter; Hymnal,2018-06-21T13:10:12+00:00,2018-06-20T22:09:58+00:00,2018-06-21T23:17:53+00:00
bibliophilly,6612,0023/lewis_e_234,0023,TEI,Antiphonary,2018-06-21T17:39:55+00:00,2018-06-21T16:09:01+00:00,2018-06-21T23:17:54+00:00
bibliophilly,6613,0023/lewis_e_136,0023,TEI,Carta pisana; Sententiae (Sentences),2018-06-21T18:51:29+00:00,2018-06-21T18:01:13+00:00,2018-06-22T14:16:33+00:00
bibliophilly,6614,0023/lewis_e_156,0023,TEI,Fragment of a Menologium,2018-06-21T19:50:07+00:00,2018-06-21T19:15:58+00:00,2018-06-21T23:17:54+00:00
bibliophilly,6615,0023/lewis_e_164,0023,TEI,Oedipi et Sphingis dialogus (Dialogues between Oedipus and the Sphinx); Le Sphinx,2018-06-21T21:29:11+00:00,2018-06-21T20:38:15+00:00,2018-06-25T14:48:50+00:00
bibliophilly,6616,0023/lewis_e_168,0023,TEI,Historia scholastica,2018-06-22T17:56:11+00:00,2018-06-22T16:03:36+00:00,2018-06-22T22:50:31+00:00
bibliophilly,6617,0023/lewis_e_171,0023,TEI,Pontifical,2018-06-22T20:56:22+00:00,2018-06-22T19:10:57+00:00,2018-06-22T22:50:32+00:00
bibliophilly,6618,0023/lewis_e_194,0023,TEI,Sermons,2018-06-25T19:19:45+00:00,2018-06-25T16:29:08+00:00,2018-06-25T22:27:46+00:00
bibliophilly,6619,0023/lewis_e_196,0023,TEI,Comediae,2018-06-25T19:19:45+00:00,2018-06-25T18:05:33+00:00,2018-06-25T22:27:47+00:00
bibliophilly,6620,0023/lewis_e_244,0023,TEI,Infortiatum,2018-06-26T20:50:35+00:00,2018-06-26T17:49:39+00:00,2018-06-26T22:44:31+00:00
bibliophilly,6621,0023/lewis_e_246,0023,TEI,De differentia translationis nostrae ab hebraica littera veteris testamentum,2018-06-27T15:04:14+00:00,2018-06-27T13:28:47+00:00,2018-06-27T22:49:20+00:00
bibliophilly,6622,0023/lewis_e_023,0023,TEI,Sermons,2018-06-27T18:49:10+00:00,2018-06-27T17:09:02+00:00,2018-06-27T22:49:21+00:00
